"First Name",Country,ga_first_name,ga_gender,ga_accuracy,ga_samples
Hagan,"United Kingdom",Hagan,male,75,4
Elizabeth,USA,Elizabeth,female,99,20330
Scott,USA,Scott,male,100,30644
Nam-Joon,USA,Joon,male,96,91
Jennifer,USA,Jennifer,female,99,41490
Thomas,USA,Thomas,male,100,20215
Wenlan,USA,Wenlan,female,75,4
Kuan-Wei,USA,Kuan,male,89,18
Feng,Canada,Feng,male,80,20
Roland,USA,Roland,male,100,1123
Lori,USA,Lori,female,99,8352
Alexander,USA,Alexander,male,100,6939
Robert,USA,Robert,male,100,43118
Jordan,USA,Jordan,male,76,12969
Sungjin,Korea,Sungjin,male,97,185
Jane,USA,Jane,female,99,4660
Bert,Belgium,Bert,male,99,1331
Dianjun,USA,Dianjun,male,75,4
Lakshmi,USA,Lakshmi,female,87,152
Nunilo,Spain,,,,
Zoya,Israel,Zoya,female,93,15
Allison,Israel,Allison,female,100,7
Sumana,USA,Sumana,female,86,22
Jonathan,USA,Jonathan,male,100,21578
Yi,China,Yi,male,73,459
Trent,USA,Trent,male,100,1596
Ryan,USA,Ryan,male,99,35179
Stephen,USA,Stephen,male,100,16681
Clémentine,USA,Clémentine,female,100,6
Sarah,USA,Sarah,female,99,32394
Kelly,Canada,Kelly,female,77,1153
Hee-Kyoung,USA,Kyoung,female,75,4
Parag,USA,Parag,male,100,69
Andreas,Sweden,Andreas,male,99,5686
Nawaporn,Sweden,Nawaporn,female,93,55
Xuezheng,USA,Xuezheng,male,100,4
Bradley,USA,Bradley,male,99,3685
Aaron,USA,Aaron,male,100,19401
Terence,USA,Terence,male,100,6015
Curtis,USA,Curtis,male,100,3637
Christopher,UK,Christopher,male,99,55041
Chad,USA,Chad,male,100,9565
Amy,USA,Amy,female,99,22405
Rami,USA,Rami,male,96,305
Chudi,USA,Chudi,male,78,9
Sarah,USA,Sarah,female,99,32394
Mikako,USA,Mikako,female,100,3
Rebecca,"United Kingdom",Rebecca,female,98,5158
Benjamin,"United Kingdom",Benjamin,male,99,1595
Jillian,USA,Jillian,female,99,2229
Gabriel,USA,Gabriel,male,99,5383
Igor,USA,Igor,male,99,720
Wesleigh,USA,Wesleigh,female,100,4
Adam,USA,Adam,male,100,23089
Elise,Ireland,Elise,female,100,11
Brahma,USA,Brahma,male,100,9
M,USA,,,,
Melissa,USA,Melissa,female,99,23566
Sara,USA,Sara,female,99,13063
Keith,USA,Keith,male,100,10807
Hsien-Ming,USA,Ming,male,73,237
Shohei,USA,Shohei,male,100,19
Young,USA,Young,male,100,51
Lucas,USA,Lucas,male,99,3684
Gonçalo,Germany,Gonçalo,male,100,7
Jeffrey,USA,Jeffrey,male,100,10439
Gerardo,Uruguay,Gerardo,male,99,125
Daniel,USA,Daniel,male,100,35866
Kerry,USA,Kerry,female,59,2601
Edwin,USA,Edwin,male,100,2541
Jeremy,USA,Jeremy,male,100,16054
Chrisostomos,UK,Chrisostomos,male,100,12
Hao,USA,Hao,male,91,219
Kelly,USA,Kelly,female,87,17673
Jasbir,USA,Jasbir,male,95,19
Michael,Switzerland,Michael,male,99,3003
Antje,Germany,Antje,female,99,1735
Ning,USA,Ning,male,58,85
Alban,Canada,Alban,male,100,8
Shinichiro,USA,Shinichiro,male,100,3
Tonia,USA,Tonia,female,100,566
Tina,USA,Tina,female,99,8804
Jeffrey,USA,Jeffrey,male,100,10439
Christian,Germany,Christian,male,100,86
Artem,Canada,Artem,male,97,31
